uuid,name,description,class,datatype,shortname,template,synonym.1,synonym.2,reference-term-source,reference-term-code,reference-term-relationship,answer.1,answer.2,answer.3,answer.4,answer.5,answer.6
,Invasive Ductal Carcinoma,,Misc,N/A,Invasive Ductal Carcinoma,Breast Cancer,,,,,,,,,,,
,Invasive Lobular Carcinoma,,Misc,N/A,Invasive Lobular Carcinoma,Breast Cancer,,,,,,,,,,,
,Other Invasive Carcinoma (Specify),,Misc,N/A,Other Invasive Carcinoma (Specify),Breast Cancer,,,,,,,,,,,
,ER+,,Misc,N/A,ER+,Breast Cancer,,,,,,,,,,,
,ER-,,Misc,N/A,ER-,Breast Cancer,,,,,,,,,,,
,PR+,,Misc,N/A,PR+,Breast Cancer,,,,,,,,,,,
,PR-,,Misc,N/A,PR-,Breast Cancer,,,,,,,,,,,
,HER2 IHC+,,Misc,N/A,HER2 IHC+,Breast Cancer,,,,,,,,,,,
,HER2 IHC-,,Misc,N/A,HER2 IHC-,Breast Cancer,,,,,,,,,,,
,HER2 FISH+,,Misc,N/A,HER2 FISH+,Breast Cancer,,,,,,,,,,,
,HER2 FISH-,,Misc,N/A,HER2 FISH-,Breast Cancer,,,,,,,,,,,
,Not determined,,Misc,N/A,Not determined,Breast Cancer,,,,,,,,,,,
,Fixed,,Misc,N/A,Fixed,Breast Cancer,,,,,,,,,,,
,Mobile,,Misc,N/A,Mobile,Breast Cancer,,,,,,,,,,,
,Fixed/matted,,Misc,N/A,Fixed/matted,Breast Cancer,,,,,,,,,,,
,T0 Tumor Stage,,Misc,N/A,T0,Breast Cancer,,,,,,,,,,,
,T1 Tumor Stage,,Misc,N/A,T1,Breast Cancer,,,,,,,,,,,
,T2 Tumor Stage,,Misc,N/A,T2,Breast Cancer,,,,,,,,,,,
,T3 Tumor Stage,,Misc,N/A,T3,Breast Cancer,,,,,,,,,,,
,T4 Tumor Stage,,Misc,N/A,T4,Breast Cancer,,,,,,,,,,,
,TX Tumor Stage,,Misc,N/A,TX,Breast Cancer,,,,,,,,,,,
,Tis Tumor Stage,,Misc,N/A,Tis,Breast Cancer,,,,,,,,,,,
,Td4 Tumor Stage,,Misc,N/A,Td4,Breast Cancer,,,,,,,,,,,
,N0 Lymph Node Stage,,Misc,N/A,N0,Breast Cancer,,,,,,,,,,,
,N1 Lymph Node Stage,,Misc,N/A,N1,Breast Cancer,,,,,,,,,,,
,N2 Lymph Node Stage,,Misc,N/A,N2,Breast Cancer,,,,,,,,,,,
,N3 Lymph Node Stage,,Misc,N/A,N3,Breast Cancer,,,,,,,,,,,
,NX Lymph Node Stage,,Misc,N/A,NX,Breast Cancer,,,,,,,,,,,
,M0 Metastatic Stage,,Misc,N/A,M0,Breast Cancer,,,,,,,,,,,
,M1 Metastatic Stage,,Misc,N/A,M1,Breast Cancer,,,,,,,,,,,
,MX Metastatic Stage,,Misc,N/A,MX,Breast Cancer,,,,,,,,,,,
,Stage 0,,Misc,N/A,0,Breast Cancer,,,,,,,,,,,
,Stage I,,Misc,N/A,I,Breast Cancer,,,,,,,,,,,
,Stage IIA,,Misc,N/A,IIA,Breast Cancer,,,,,,,,,,,
,Stage IIB,,Misc,N/A,IIB,Breast Cancer,,,,,,,,,,,
,Stage IIIA,,Misc,N/A,IIIA,Breast Cancer,,,,,,,,,,,
,Stage IIIB,,Misc,N/A,IIIB,Breast Cancer,,,,,,,,,,,
,Stage IIIC,,Misc,N/A,IIIC,Breast Cancer,,,,,,,,,,,
,Stage IV,,Misc,N/A,IV,Breast Cancer,,,,,,,,,,,
,Early,,Misc,N/A,Early,Breast Cancer,,,,,,,,,,,
,Locally Advanced,,Misc,N/A,Locally Advanced,Breast Cancer,,,,,,,,,,,
,Metastatic,,Misc,N/A,Metastatic,Breast Cancer,,,,,,,,,,,
,Curative,,Misc,N/A,Curative,Breast Cancer,,,,,,,,,,,
,Palliative Systemic ,,Misc,N/A,Palliative Systemic ,Breast Cancer,,,,,,,,,,,
,Palliation Only,,Misc,N/A,Palliation Only,Breast Cancer,,,,,,,,,,,
,Chemotherapy,,Misc,N/A,Chemotherapy,Breast Cancer,,,,,,,,,,,
,Surgery,,Misc,N/A,Surgery,Breast Cancer,,,,,,,,,,,
,Radiation Therapy,,Misc,N/A,Radiation Therapy,Breast Cancer,,,,,,,,,,,
,Tamoxifen,,Misc,N/A,Tamoxifen,Breast Cancer,,,,,,,,,,,
,Doxorubicin + Cyclophosphamide,,Misc,N/A,AC,Breast Cancer,,,,,,,,,,,
,Paclitaxel,,Misc,N/A,Paclitaxel,Breast Cancer,,,,,,,,,,,
,Fluorouracil,,Misc,N/A,5-FU,Breast Cancer,,,,,,,,,,,
,Doxorubicin,,Misc,N/A,Doxorubicin,Breast Cancer,,,,,,,,,,,
,Cyclophosphamide,,Misc,N/A,Cyclophosphamide,Breast Cancer,,,,,,,,,,,
,Other,,Misc,N/A,Other,Breast Cancer,,,,,,,,,,,
,Neoadjuvant,,Misc,N/A,Neoadjuvant,Breast Cancer,,,,,,,,,,,
,Adjuvant,,Misc,N/A,Adjuvant,Breast Cancer,,,,,,,,,,,
,Palliative,,Misc,N/A,Palliative,Breast Cancer,,,,,,,,,,,
,pN0,,Misc,N/A,pN0,Breast Cancer,,,,,,,,,,,
,pN1,,Misc,N/A,pN1,Breast Cancer,,,,,,,,,,,
,pN2,,Misc,N/A,pN2,Breast Cancer,,,,,,,,,,,
,pN3,,Misc,N/A,pN3,Breast Cancer,,,,,,,,,,,
,Squamous Cell Carcinoma,,Misc,N/A,Squamous Cell Carcinoma,Cervical Cancer,,,,,,,,,,,
,Adenocarcinoma,,Misc,N/A,Adenocarcinoma,Cervical Cancer,,,,,,,,,,,
,Stage IA,,Misc,N/A,IA,Cervical Cancer,,,,,,,,,,,
,Stage IB,,Misc,N/A,IB,Cervical Cancer,,,,,,,,,,,
,Stage IIA,,Misc,N/A,IIA,Cervical Cancer,,,,,,,,,,,
,Stage IIB,,Misc,N/A,IIB,Cervical Cancer,,,,,,,,,,,
,Stage IIIA,,Misc,N/A,IIIA,Cervical Cancer,,,,,,,,,,,
,Stage IIIB,,Misc,N/A,IIIB,Cervical Cancer,,,,,,,,,,,
,Stage IVA,,Misc,N/A,IVA,Cervical Cancer,,,,,,,,,,,
,Stage IVB,,Misc,N/A,IVB,Cervical Cancer,,,,,,,,,,,
,S/P Chemotherapy,,Misc,N/A,S/P Chemotherapy,Cervical Cancer,,,,,,,,,,,
,S/P Radiotherapy,,Misc,N/A,S/P Radiotherapy,Cervical Cancer,,,,,,,,,,,
,S/P Surgery,,Misc,N/A,S/P Surgery,Cervical Cancer,,,,,,,,,,,
,Other,,Misc,N/A,Other,Cervical Cancer,,,,,,,,,,,
,Curative,,Misc,N/A,Curative,Cervical Cancer,,,,,,,,,,,
,Palliative Systemic,,Misc,N/A,Palliative Systemic,Cervical Cancer,,,,,,,,,,,
,Palliation Only,,Misc,N/A,Palliation Only,Cervical Cancer,,,,,,,,,,,
,Chemotherapy,,Misc,N/A,Chemotherapy,Cervical Cancer,,,,,,,,,,,
,Surgery,,Misc,N/A,Surgery,Cervical Cancer,,,,,,,,,,,
,Radiation Therapy,,Misc,N/A,Radiation Therapy,Cervical Cancer,,,,,,,,,,,
,Carboplatin/Paclitaxel,,Misc,N/A,Carboplatin/Paclitaxel,Cervical Cancer,,,,,,,,,,,
,Cisplatin,,Misc,N/A,Cisplatin,Cervical Cancer,,,,,,,,,,,
,Other,,Misc,N/A,Other,Cervical Cancer,,,,,,,,,,,
,Neoadjuvant,,Misc,N/A,Neoadjuvant,Cervical Cancer,,,,,,,,,,,
,Adjuvant,,Misc,N/A,Adjuvant,Cervical Cancer,,,,,,,,,,,
,Concurrent,,Misc,N/A,Concurrent,Cervical Cancer,,,,,,,,,,,
,Right Side,,Misc,N/A,Right Side,Colon Cancer,,,,,,,,,,,
,Left Side,,Misc,N/A,Left Side,Colon Cancer,,,,,,,,,,,
,Sigmoid,,Misc,N/A,Sigmoid,Colon Cancer,,,,,,,,,,,
,Other,,Misc,N/A,Other,Colon Cancer,,,,,,,,,,,
,Resectable Disease (Stage I-III),,Misc,N/A,Resectable Disease (Stage I-III),Colon Cancer,,,,,,,,,,,
,Metastatic Disease (Stage IV),,Misc,N/A,Metastatic Disease (Stage IV),Colon Cancer,,,,,,,,,,,
,Patient S/P Surgical Resection,,Misc,N/A,Patient S/P Surgical Resection,Colon Cancer,,,,,,,,,,,
,Curative,,Misc,N/A,Curative,Colon Cancer,,,,,,,,,,,
,Palliative Systemic,,Misc,N/A,Palliative Systemic,Colon Cancer,,,,,,,,,,,
,Palliation Only,,Misc,N/A,Palliation Only,Colon Cancer,,,,,,,,,,,
,Post-Operative / Palliative Chemotherapy,,Misc,N/A,Post-Operative / Palliative Chemotherapy,Colon Cancer,,,,,,,,,,,
,Surgery,,Misc,N/A,Surgery,Colon Cancer,,,,,,,,,,,
,Radiation Therapy,,Misc,N/A,Radiation Therapy,Colon Cancer,,,,,,,,,,,
,T0,,Misc,N/A,T0,Colon Cancer,,,,,,,,,,,
,T1,,Misc,N/A,T1,Colon Cancer,,,,,,,,,,,
,T2,,Misc,N/A,T2,Colon Cancer,,,,,,,,,,,
,T3,,Misc,N/A,T3,Colon Cancer,,,,,,,,,,,
,T4,,Misc,N/A,T4,Colon Cancer,,,,,,,,,,,
,TX,,Misc,N/A,TX,Colon Cancer,,,,,,,,,,,
,Tis,,Misc,N/A,Tis,Colon Cancer,,,,,,,,,,,
,Td4,,Misc,N/A,Td4,Colon Cancer,,,,,,,,,,,
,N0,,Misc,N/A,N0,Colon Cancer,,,,,,,,,,,
,N1,,Misc,N/A,N1,Colon Cancer,,,,,,,,,,,
,N2,,Misc,N/A,N2,Colon Cancer,,,,,,,,,,,
,N3,,Misc,N/A,N3,Colon Cancer,,,,,,,,,,,
,NX,,Misc,N/A,NX,Colon Cancer,,,,,,,,,,,
,M0,,Misc,N/A,M0,Colon Cancer,,,,,,,,,,,
,M1,,Misc,N/A,M1,Colon Cancer,,,,,,,,,,,
,MX,,Misc,N/A,MX,Colon Cancer,,,,,,,,,,,
,Stage 0,,Misc,N/A,0,Colon Cancer,,,,,,,,,,,
,Stage I,,Misc,N/A,I,Colon Cancer,,,,,,,,,,,
,Stage IIA,,Misc,N/A,IIA,Colon Cancer,,,,,,,,,,,
,Stage IIB,,Misc,N/A,IIB,Colon Cancer,,,,,,,,,,,
,Stage IIIA,,Misc,N/A,IIIA,Colon Cancer,,,,,,,,,,,
,Stage IIIB,,Misc,N/A,IIIB,Colon Cancer,,,,,,,,,,,
,Stage IIIC,,Misc,N/A,IIIC,Colon Cancer,,,,,,,,,,,
,Stage IV,,Misc,N/A,IV,Colon Cancer,,,,,,,,,,,
,Distal Esophagus,,Misc,N/A,Distal Esophagus,Gastric Cancer,,,,,,,,,,,
,Gastro-esophageal Junction,,Misc,N/A,Gastro-esophageal Junction,Gastric Cancer,,,,,,,,,,,
,Fundus of Stomach,,Misc,N/A,Fundus of Stomach,Gastric Cancer,,,,,,,,,,,
,Body of Stomach,,Misc,N/A,Body of Stomach,Gastric Cancer,,,,,,,,,,,
,Pylorus,,Misc,N/A,Pylorus,Gastric Cancer,,,,,,,,,,,
,Other,,Misc,N/A,Other,Gastric Cancer,,,,,,,,,,,
,Superclavicular,,Misc,N/A,Superclavicular,Gastric Cancer,,,,,,,,,,,
,Periumbilical,,Misc,N/A,Periumbilical,Gastric Cancer,,,,,,,,,,,
,Left Axillary,,Misc,N/A,Left Axillary,Gastric Cancer,,,,,,,,,,,
,Other,,Misc,N/A,Other,Gastric Cancer,,,,,,,,,,,
,Resectable/Curable Disease,,Misc,N/A,Resectable/Curable Disease,Gastric Cancer,,,,,,,,,,,
,Locally Advanced Unresectable Disease,,Misc,N/A,Locally Advanced Unresectable Disease,Gastric Cancer,,,,,,,,,,,
,Metastatic Disease,,Misc,N/A,Metastatic Disease,Gastric Cancer,,,,,,,,,,,
,Patient S/P Surgical Resection,,Misc,N/A,Patient S/P Surgical Resection,Gastric Cancer,,,,,,,,,,,
,Curative,,Misc,N/A,Curative,Gastric Cancer,,,,,,,,,,,
,Palliative Systemic,,Misc,N/A,Palliative Systemic,Gastric Cancer,,,,,,,,,,,
,Palliation Only,,Misc,N/A,Palliation Only,Gastric Cancer,,,,,,,,,,,
,Pre-Operative Chemotherapy,,Misc,N/A,Pre-Operative Chemotherapy,Gastric Cancer,,,,,,,,,,,
,Surgery,,Misc,N/A,Surgery,Gastric Cancer,,,,,,,,,,,
,Post-Operative Chemotherapy,,Misc,N/A,Post-Operative Chemotherapy,Gastric Cancer,,,,,,,,,,,
,Radiation Therapy,,Misc,N/A,Radiation Therapy,Gastric Cancer,,,,,,,,,,,
,Gastrectomy,,Misc,N/A,Gastrectomy,Gastric Cancer,,,,,,,,,,,
,Esophagectomy,,Misc,N/A,Esophagectomy,Gastric Cancer,,,,,,,,,,,
,Other,,Misc,N/A,Other,Gastric Cancer,,,,,,,,,,,
,T0,,Misc,N/A,T0,Gastric Cancer,,,,,,,,,,,
,T1,,Misc,N/A,T1,Gastric Cancer,,,,,,,,,,,
,T2,,Misc,N/A,T2,Gastric Cancer,,,,,,,,,,,
,T3,,Misc,N/A,T3,Gastric Cancer,,,,,,,,,,,
,T4,,Misc,N/A,T4,Gastric Cancer,,,,,,,,,,,
,TX,,Misc,N/A,TX,Gastric Cancer,,,,,,,,,,,
,Tis,,Misc,N/A,Tis,Gastric Cancer,,,,,,,,,,,
,Td4,,Misc,N/A,Td4,Gastric Cancer,,,,,,,,,,,
,N0,,Misc,N/A,N0,Gastric Cancer,,,,,,,,,,,
,N1,,Misc,N/A,N1,Gastric Cancer,,,,,,,,,,,
,N2,,Misc,N/A,N2,Gastric Cancer,,,,,,,,,,,
,N3,,Misc,N/A,N3,Gastric Cancer,,,,,,,,,,,
,NX,,Misc,N/A,NX,Gastric Cancer,,,,,,,,,,,
,M0,,Misc,N/A,M0,Gastric Cancer,,,,,,,,,,,
,M1,,Misc,N/A,M1,Gastric Cancer,,,,,,,,,,,
,MX,,Misc,N/A,MX,Gastric Cancer,,,,,,,,,,,
,Stage 0,,Misc,N/A,0,Gastric Cancer,,,,,,,,,,,
,Stage I,,Misc,N/A,I,Gastric Cancer,,,,,,,,,,,
,Stage IIA,,Misc,N/A,IIA,Gastric Cancer,,,,,,,,,,,
,Stage IIB,,Misc,N/A,IIB,Gastric Cancer,,,,,,,,,,,
,Stage IIIA,,Misc,N/A,IIIA,Gastric Cancer,,,,,,,,,,,
,Stage IIIB,,Misc,N/A,IIIB,Gastric Cancer,,,,,,,,,,,
,Stage IIIC,,Misc,N/A,IIIC,Gastric Cancer,,,,,,,,,,,
,Stage IV,,Misc,N/A,IV,Gastric Cancer,,,,,,,,,,,
,Positive,,Misc,N/A,Positive,Gastric Cancer,,,,,,,,,,,
,Negative,,Misc,N/A,Negative,Gastric Cancer,,,,,,,,,,,
,Not determined,,Misc,N/A,Not determined,Gastric Cancer,,,,,,,,,,,
,Self Reported,,Misc,N/A,Self Reported,Leprosy,,,,,,,,,,,
,Active Surveillance,,Misc,N/A,Active Surveillance,Leprosy,,,,,,,,,,,
,Slit Skin Positive,,Misc,N/A,Slit Skin Positive,Leprosy,,,,,,,,,,,
,Nodular,,Misc,N/A,Nodular,Leprosy,,,,,,,,,,,
,Histoid,,Misc,N/A,Histoid,Leprosy,,,,,,,,,,,
,Tuberculoid,,Misc,N/A,TT,Leprosy,,,,,,,,,,,
,Borderline Tuberculoid,,Misc,N/A,BT,Leprosy,,,,,,,,,,,
,Midspectrum Borderline,,Misc,N/A,BB,Leprosy,,,,,,,,,,,
,Borderline Lepromatous,,Misc,N/A,BL,Leprosy,,,,,,,,,,,
,Lepromatous,,Misc,N/A,LL,Leprosy,,,,,,,,,,,
,Pure Neurotic,,Misc,N/A,PAN,Leprosy,,,,,,,,,,,
,Multibacillary Leprosy,,Misc,N/A,MB,Leprosy,,,,,,,,,,,
,Paucibacillary Leprosy,,Misc,N/A,PB,Leprosy,,,,,,,,,,,
,Yes,,Misc,N/A,Yes,Leprosy,,,,,,,,,,,
,Nil,,Misc,N/A,Nil,Leprosy,,,,,,,,,,,
,Improved,,Misc,N/A,I,Leprosy,,,,,,,,,,,
,Deteriorated,,Misc,N/A,D,Leprosy,,,,,,,,,,,
,Status Quo,,Misc,N/A,S,Leprosy,,,,,,,,,,,
,Never Had Problems,,Misc,N/A,N,Leprosy,,,,,,,,,,,
,Lost of Follow Up,,Misc,N/A,L,Leprosy,,,,,,,,,,,
,Results Pending,,Misc,N/A,P,Leprosy,,,,,,,,,,,
,Death,,Misc,N/A,Death,Sickle Cell,,,,,,,,,,,
,Good Condition,,Misc,N/A,Good Condition,Sickle Cell,,,,,,,,,,,
,Not in Good Condition,,Misc,N/A,Not in Good Condition,Sickle Cell,,,,,,,,,,,
,Numbness of Fingers,,Misc,N/A,Numbness of Fingers,Sickle Cell,,,,,,,,,,,
,Other,,Misc,N/A,Other,Sickle Cell,,,,,,,,,,,
,Treatment Not Continued,,Misc,N/A,Treatment Not Continued,Sickle Cell,,,,,,,,,,,
,New Diagnosis,,Misc,N/A,New,Tuberculosis,,,,,,,,,,,
,Treatment after default,,Misc,N/A,Treatment after default,Tuberculosis,,,,,,,,,,,
,Treatment after relapse,,Misc,N/A,Treatment after relapse,Tuberculosis,,,,,,,,,,,
,Treatment after failure,,Misc,N/A,Treatment after failure,Tuberculosis,,,,,,,,,,,
,Pulmonary,,Misc,N/A,Pulmonary,Tuberculosis,,,,,,,,,,,
,Extrapulmonary,,Misc,N/A,Extrapulmonary,Tuberculosis,,,,,,,,,,,
,Not Applicable,,Misc,N/A,Not Applicable,Tuberculosis,,,,,,,,,,,
,Positive,,Misc,N/A,Positive,Tuberculosis,,,,,,,,,,,
,Negative,,Misc,N/A,Negative,Tuberculosis,,,,,,,,,,,
,Pleural,,Misc,N/A,Pleural,Tuberculosis,,,,,,,,,,,
,Lymph Node,,Misc,N/A,Lymph Node,Tuberculosis,,,,,,,,,,,
,Intestinal,,Misc,N/A,Intestinal,Tuberculosis,,,,,,,,,,,
,Peritoneal,,Misc,N/A,Peritoneal,Tuberculosis,,,,,,,,,,,
,Skeletal,,Misc,N/A,Skeletal,Tuberculosis,,,,,,,,,,,
,Articular,,Misc,N/A,Articular,Tuberculosis,,,,,,,,,,,
,Meningeal,,Misc,N/A,Meningeal,Tuberculosis,,,,,,,,,,,
,Renal,,Misc,N/A,Renal,Tuberculosis,,,,,,,,,,,
,Genital,,Misc,N/A,Genital,Tuberculosis,,,,,,,,,,,
,Cutaneous,,Misc,N/A,Cutaneous,Tuberculosis,,,,,,,,,,,
,Combination of all,,Misc,N/A,Combination of all,Tuberculosis,,,,,,,,,,,
,Pericardial,,Misc,N/A,Pericardial,Tuberculosis,,,,,,,,,,,
,Other,,Misc,N/A,Other,Tuberculosis,,,,,,,,,,,
,Treatment Complete,,Misc,N/A,Complete,Tuberculosis,,,,,,,,,,,
,Treatment Cured,,Misc,N/A,Cured,Tuberculosis,,,,,,,,,,,
,Treatment Default,,Misc,N/A,Default,Tuberculosis,,,,,,,,,,,
,Death During Treatment,,Misc,N/A,Death During Treatment,Tuberculosis,,,,,,,,,,,
,Treatment Failure,,Misc,N/A,Treatment Failure,Tuberculosis,,,,,,,,,,,
,On Treatment,,Misc,N/A,On Treatment,Tuberculosis,,,,,,,,,,,
,Normal,,Misc,N/A,Normal,Tuberculosis,,,,,,,,,,,
,Healthy,,Misc,N/A,Healthy,Tuberculosis,,,,,,,,,,,
,Relapse,,Misc,N/A,Relapse,Tuberculosis,,,,,,,,,,,
,Death,,Misc,N/A,Death,Tuberculosis,,,,,,,,,,,
,Do Not Know,,Misc,N/A,Do Not Know,Tuberculosis,,,,,,,,,,,
,Flat,,Misc,N/A,Flat,Kaposis Sarcoma,,,,,,,,,,,
,Raised,,Misc,N/A,Raised,Kaposis Sarcoma,,,,,,,,,,,
,Inguinal,,Misc,N/A,Inguinal,Kaposis Sarcoma,,,,,,,,,,,
,Other,,Misc,N/A,Other,Kaposis Sarcoma,,,,,,,,,,,
,Indurated/Hard,,Misc,N/A,Indurated/Hard,Kaposis Sarcoma,,,,,,,,,,,
,Lung,,Misc,N/A,Lung,Kaposis Sarcoma,,,,,,,,,,,
,Liver,,Misc,N/A,Liver,Kaposis Sarcoma,,,,,,,,,,,
,GI,,Misc,N/A,GI,Kaposis Sarcoma,,,,,,,,,,,
,Night Sweats,,Misc,N/A,Night Sweats,Kaposis Sarcoma,,,,,,,,,,,
,Unexplained Fever,,Misc,N/A,Unexplained Fever,Kaposis Sarcoma,,,,,,,,,,,
,Diarrhea for 2 weeks ,,Misc,N/A,Diarrhea for 2 weeks ,Kaposis Sarcoma,,,,,,,,,,,
,Reported Weight Loss greater than 10 percent,,Misc,N/A,Reported weight loss > 10%,Kaposis Sarcoma,,,,,,,,,,,
,Thrust/Yeast,,Misc,N/A,Thrust/Yeast,Kaposis Sarcoma,,,,,,,,,,,
,Related Neuropathy,,Misc,N/A,Related Neuropathy,Kaposis Sarcoma,,,,,,,,,,,
,Related Lymphoma,,Misc,N/A,Related Lymphoma,Kaposis Sarcoma,,,,,,,,,,,
,Stage T0,,Misc,N/A,0,Kaposis Sarcoma,,,,,,,,,,,
,Stage T1,,Misc,N/A,1,Kaposis Sarcoma,,,,,,,,,,,
,Stage I0,,Misc,N/A,0,Kaposis Sarcoma,,,,,,,,,,,
,Stage I1,,Misc,N/A,1,Kaposis Sarcoma,,,,,,,,,,,
,Stage S0,,Misc,N/A,0,Kaposis Sarcoma,,,,,,,,,,,
,Stage S1,,Misc,N/A,1,Kaposis Sarcoma,,,,,,,,,,,
,Stage I,,Misc,N/A,I,Kaposis Sarcoma,,,,,,,,,,,
,Stage II,,Misc,N/A,II,Kaposis Sarcoma,,,,,,,,,,,
,Stage III,,Misc,N/A,III,Kaposis Sarcoma,,,,,,,,,,,
,Palliative Systemic,,Misc,N/A,Palliative Systemic,Kaposis Sarcoma,,,,,,,,,,,
,Palliation Only,,Misc,N/A,Palliation Only,Kaposis Sarcoma,,,,,,,,,,,
,Chemotherapy,,Misc,N/A,Chemotherapy,Kaposis Sarcoma,,,,,,,,,,,
,Radiation Therapy,,Misc,N/A,Radiation Therapy,Kaposis Sarcoma,,,,,,,,,,,
,Paclitaxel,,Misc,N/A,Paclitaxel,Kaposis Sarcoma,,,,,,,,,,,
,Non-Metastatic,,Misc,N/A,Non-Metastatic,Nephroblastoma,,,,,,,,,,,
,Metastatic,,Misc,N/A,Metastatic,Nephroblastoma,,,,,,,,,,,
,Bilateral,,Misc,N/A,Bilateral,Nephroblastoma,,,,,,,,,,,
,Unknown,,Misc,N/A,Unknown,Nephroblastoma,,,,,,,,,,,
,FNA,,Misc,N/A,FNA,Nephroblastoma,,,,,,,,,,,
,Open Biopsy,,Misc,N/A,Open Biopsy,Nephroblastoma,,,,,,,,,,,
,Curative,,Misc,N/A,Curative,Nephroblastoma,,,,,,,,,,,
,Palliative Systemic,,Misc,N/A,Palliative Systemic,Nephroblastoma,,,,,,,,,,,
,Palliation only,,Misc,N/A,Palliation only,Nephroblastoma,,,,,,,,,,,
,Pre-Operative Chemotherapy,,Misc,N/A,Pre-Operative Chemotherapy,Nephroblastoma,,,,,,,,,,,
,Surgery,,Misc,N/A,Surgery,Nephroblastoma,,,,,,,,,,,
,Vincristine/Actinomycin D,,Misc,N/A,Vincristine/Actinomycin D,Nephroblastoma,,,,,,,,,,,
,Vincristine/Actinomycin D/Doxorubicin,,Misc,N/A,Vincristine/Actinomycin D/Doxorubicin,Nephroblastoma,,,,,,,,,,,
,Partial Nephrectomy,,Misc,N/A,Partial Nephrectomy,Nephroblastoma,,,,,,,,,,,
,Total Nephrectomy,,Misc,N/A,Total Nephrectomy,Nephroblastoma,,,,,,,,,,,
,Other,,Misc,N/A,Other,Nephroblastoma,,,,,,,,,,,
,Stage 0,,Misc,N/A,0,Nephroblastoma,,,,,,,,,,,
,Stage I,,Misc,N/A,I,Nephroblastoma,,,,,,,,,,,
,Stage II,,Misc,N/A,II,Nephroblastoma,,,,,,,,,,,
,Stage III,,Misc,N/A,III,Nephroblastoma,,,,,,,,,,,
,Stage IV,,Misc,N/A,IV,Nephroblastoma,,,,,,,,,,,
,Stage V,,Misc,N/A,V,Nephroblastoma,,,,,,,,,,,
,Post-Operative Chemotherapy,,Misc,N/A,Post-Operative Chemotherapy,Nephroblastoma,,,,,,,,,,,
,Radiation Therapy,,Misc,N/A,Radiation Therapy,Nephroblastoma,,,,,,,,,,,
,Alcohol Abuse,,Misc,N/A,,Neurological Disorder,,,,,,,,,,,
,Gudakhu,,Misc,N/A,,Neurological Disorder,,,,,,,,,,,
,Skilled Birth Attendant,,Misc,N/A,SBA,Delivery,,,,,,,,,,,
,Non SBA Health worker,,Misc,N/A,Non SBA,Delivery,,,,,,,,,,,
,Spontaneous Vaginal Delivery,,Misc,N/A,Spontaneous Vaginal Delivery,Delivery,,,,,,,,,,,
,Forceps or Vaccum Extractor Delivery,,Misc,N/A,Forceps or Vaccum Extractor Delivery,Delivery,,,,,,,,,,,
,Caesarean Section,,Misc,N/A,Caesarean Section,Delivery,,,,,,,,,,,
,Single live birth,,Misc,N/A,Single live birth,Delivery,,,,,,,,,,,
,Single stillbirth,,Misc,N/A,Single stillbirth,Delivery,,,,,,,,,,,
,Twins both liveborn,,Misc,N/A,Twins both liveborn,Delivery,,,,,,,,,,,
,Twins one liveborn and one stillborn,,Misc,N/A,Twins one liveborn and one stillborn,Delivery,,,,,,,,,,,
,Twins both stillborn,,Misc,N/A,Twins both stillborn,Delivery,,,,,,,,,,,
,Other multiple births all liveborn,,Misc,N/A,Other multiple births all liveborn,Delivery,,,,,,,,,,,
,Other multiple births some liveborn,,Misc,N/A,Other multiple births some liveborn,Delivery,,,,,,,,,,,
,Other multiple births all stillborn,,Misc,N/A,Other multiple births all stillborn,Delivery,,,,,,,,,,,
,Cephalic Presentation,,Misc,N/A,Cephalic,Delivery,,,,,,,,,,,
,Shoulder Presentation,,Misc,N/A,Shoulder,Delivery,,,,,,,,,,,
,Breech Presentation,,Misc,N/A,Breech,Delivery,,,,,,,,,,,
,Maternal effort,,Misc,N/A,Maternal effort,Delivery,,,,,,,,,,,
,Fundal pressure,,Misc,N/A,Fundal pressure,Delivery,,,,,,,,,,,
,Manual removal,,Misc,N/A,Manual removal,Delivery,,,,,,,,,,,
,Controlled Cord Traction,,Misc,N/A,Controlled Cord Traction,Delivery,,,,,,,,,,,
,Complete,,Misc,N/A,Complete,Delivery,,,,,,,,,,,
,Incomplete,,Misc,N/A,Incomplete,Delivery,,,,,,,,,,,
,Doubtful,,Misc,N/A,Doubtful,Delivery,,,,,,,,,,,
,Complete,,Misc,N/A,Complete,Delivery,,,,,,,,,,,
,Ragged,,Misc,N/A,Ragged,Delivery,,,,,,,,,,,
,Retained,,Misc,N/A,Retained,Delivery,,,,,,,,,,,
,Intact,,Misc,N/A,Intact,Delivery,,,,,,,,,,,
,Episiotomy on mother,,Misc,N/A,Episiotomy on mother,Delivery,,,,,,,,,,,
,"First Degree Perineal Laceration, with Delivery",,Misc,N/A,First Degree Laceration,Delivery,,,,,,,,,,,
,"Second Degree Perineal Laceration, with Delivery",,Misc,N/A,Second Degree Laceration,Delivery,,,,,,,,,,,
,"Third Degree Perineal Laceration, with Delivery",,Misc,N/A,Third Degree Laceration,Delivery,,,,,,,,,,,
,Male,,Misc,N/A,Male,Delivery,,,,,,,,,,,
,Female,,Misc,N/A,Female,Delivery,,,,,,,,,,,
,Other,,Misc,N/A,Other,Delivery,,,,,,,,,,,
,Fresh stillbirth,,Misc,N/A,Fresh stillbirth,Delivery,,,,,,,,,,,
,Macerated stillbirth,,Misc,N/A,Macerated stillbirth,Delivery,,,,,,,,,,,
,Not Applicable,,Misc,N/A,Not Applicable,Delivery,,,,,,,,,,,
,FCHV,,Misc,N/A,FCHV,Abortion,,,,,,,,,,,
,Healthcare provider,,Misc,N/A,Healthcare provider,Abortion,,,,,,,,,,,
,Manual Vacuum Aspiration,,Procedure,N/A,Manual Vacuum Aspiration,Abortion,,,,,,,,,,,
,Electric Vacuum Aspiration,,Procedure,N/A,Electric Vacuum Aspiration,Abortion,,,,,,,,,,,
,Medical Abortion,,Procedure,N/A,Medical Abortion,Abortion,,,,,,,,,,,
,Medical Induction,,Procedure,N/A,Medical Induction,Abortion,,,,,,,,,,,
,Dilation and Evacuation,,Procedure,N/A,Dilation and Evacuation,Abortion,,,,,,,,,,,
,Other abortion procedures,,Procedure,N/A,Other,Abortion,,,,,,,,,,,
,Uterine or Intra-abdominal injury,,Finding,N/A,Uterine or Intra-abdominal injury,Abortion,,,,,,,,,,,
,Incomplete abortion requiring repeat procedure,,Finding,N/A,Incomplete abortion requiring repeat procedure,Abortion,,,,,,,,,,,
,Requiring laparotomy,,Finding,N/A,Requiring laparotomy,Abortion,,,,,,,,,,,
,Infection requiring hospitalization/IV antibiotics,,Finding,N/A,Infection requiring hospitalization/IV antibiotics,Abortion,,,,,,,,,,,
,Failed abortion,,Misc,N/A,Failed abortion,Abortion,,,,,,,,,,,
,Septic Abortion,,Misc,N/A,Septic Abortion,Abortion,,,,,,,,,,,
,Complete,,Misc,N/A,Complete,Abortion,,,,,,,,,,,
,Not Complete,,Misc,N/A,Not Complete,Abortion,,,,,,,,,,,
,"PAC Cause, Surgical abortion",,Misc,N/A,Surgical abortion,Abortion,,,,,,,,,,,
,"PAC Cause, Medical abortion",,Misc,N/A,Medical abortion,Abortion,,,,,,,,,,,
,"PAC Cause, Spontaneous abortion",,Misc,N/A,Spontaneous abortion,Abortion,,,,,,,,,,,
,Bleeding requiring >1 pint of IV fluid,,Finding,N/A,Bleeding requiring >1 pint of IV fluid,Abortion,,,,,,,,,,,
,Bleeding requiring blood transfusion,,Finding,N/A,Bleeding requiring blood transfusion,Abortion,,,,,,,,,,,
,Condom,,Misc,N/A,Condom,Abortion,,,,,,,,,,,
,Pills,,Misc,N/A,Pills,Abortion,,,,,,,,,,,
,Depo Provera,,Misc,N/A,Depo Provera,Abortion,,,,,,,,,,,
,Female sterilization,,Misc,N/A,Female sterilization,Abortion,,,,,,,,,,,
,Male sterilization,,Misc,N/A,Male sterilization,Abortion,,,,,,,,,,,
,Implant,,Misc,N/A,Implant,Abortion,,,,,,,,,,,
,Intra Uterine Contraceptive Device,,Misc,N/A,IUCD,Abortion,,,,,,,,,,,
,Normal,,Misc,N/A,Normal,Abortion,,,,,,,,,,,
,Leaving Against Medical Advice,,Misc,N/A,Leaving Against Medical Advice,Abortion,,,,,,,,,,,
,Referred out,,Misc,N/A,Referred out,Abortion,,,,,,,,,,,
,Death,,Misc,N/A,Death,Abortion,,,,,,,,,,,
,No Previous Diagnosis,,Misc,N/A,No Previous Diagnosis,Diabetes,,,,,,,,,,,
,Confirmed Elsewhere,,Misc,N/A,Confirmed Elsewhere,Diabetes,,,,,,,,,,,
,Polyuria,,Misc,N/A,Polyuria,Diabetes,,,,,,,,,,,
,Blurred Vision,,Misc,N/A,Blurred Vision,Diabetes,,,,,,,,,,,
,Polydypsia,,Misc,N/A,Polydypsia,Diabetes,,,,,,,,,,,
,Nocturia,,Misc,N/A,Nocturia,Diabetes,,,,,,,,,,,
,Weight Loss,,Misc,N/A,Weight Loss,Diabetes,,,,,,,,,,,
,Type 1 DM,,Misc,N/A,Type 1 DM,Diabetes,,,,,,,,,,,
,Type 2 DM,,Misc,N/A,Type 2 DM,Diabetes,,,,,,,,,,,
,Hypertension,,Misc,N/A,Hypertension,Diabetes,,,,,,,,,,,
,Hyperlipidemia,,Misc,N/A,Hyperlipidemia,Diabetes,,,,,,,,,,,
,Coronary DZ,,Misc,N/A,Coronary DZ,Diabetes,,,,,,,,,,,
,Obesity,,Misc,N/A,Obesity,Diabetes,,,,,,,,,,,
,Heart failure,,Misc,N/A,Heart failure,Diabetes,,,,,,,,,,,
,CKD,,Misc,N/A,CKD,Diabetes,,,,,,,,,,,
,None / Sedentary,,Misc,N/A,None / Sedentary,Diabetes,,,,,,,,,,,
,Standing at work,,Misc,N/A,Standing at work,Diabetes,,,,,,,,,,,
,Labor for work,,Misc,N/A,Labor for work,Diabetes,,,,,,,,,,,
,Cardio exercise,,Misc,N/A,Cardio exercise,Diabetes,,,,,,,,,,,
,Metformin,,Misc,N/A,Metformin,Diabetes,,,,,,,,,,,
,Glipizide,,Misc,N/A,Glipizide,Diabetes,,,,,,,,,,,
,Insulin 70/30,,Misc,N/A,Insulin 70/30,Diabetes,,,,,,,,,,,
,Diet Control,,Misc,N/A,Diet Control,Diabetes,,,,,,,,,,,
,Exercise,,Misc,N/A,Exercise,Diabetes,,,,,,,,,,,
,Adverse Effect of Medicine,,Misc,N/A,Adverse Effect of Medicine,Diabetes,,,,,,,,,,,
,Symptoms of Hypoglycemia,,Misc,N/A,Symptoms of Hypoglycemia,Diabetes,,,,,,,,,,,
,Worsened Comorbid Illness,,Misc,N/A,Worsened Comorbid Illness,Diabetes,,,,,,,,,,,
,Decreased Vision,,Misc,N/A,Decreased Vision,Diabetes,,,,,,,,,,,
,Numbness,,Misc,N/A,Numbness,Diabetes,,,,,,,,,,,
,Tingling,,Misc,N/A,Tingling,Diabetes,,,,,,,,,,,
,Burning Pain in Extremeties,,Misc,N/A,Burning Pain in Extremeties,Diabetes,,,,,,,,,,,
,Shortness of Breath,,Misc,N/A,Shortness of Breath,Diabetes,,,,,,,,,,,
,Dyspnea,,Misc,N/A,Dyspnea,Diabetes,,,,,,,,,,,
,Angina,,Misc,N/A,Angina,Diabetes,,,,,,,,,,,
,Edema,,Misc,N/A,Edema,Diabetes,,,,,,,,,,,
,Sulfonuria,,Misc,N/A,Sulfonuria,Diabetes,,,,,,,,,,,
,Insulin Short Acting,,Misc,N/A,Insulin Short Acting,Diabetes,,,,,,,,,,,
,Insulin Long Acting,,Misc,N/A,Insulin Long Acting,Diabetes,,,,,,,,,,,
,Sleep Deprivation,,Misc,N/A,Sleep Deprivation,Seizure Disorder,,,,,,,,,,,
,Stress,,Misc,N/A,Stress,Seizure Disorder,,,,,,,,,,,
,Alcohol,,Misc,N/A,Alcohol,Seizure Disorder,,,,,,,,,,,
,Menses,,Misc,N/A,Menses,Seizure Disorder,,,,,,,,,,,
,No Previous Diagnosis,,Misc,N/A,No Previous Diagnosis,Seizure Disorder,,,,,,,,,,,
,Confirmed Elsewhere,,Misc,N/A,Confirmed Elsewhere,Seizure Disorder,,,,,,,,,,,
,Head Injury,,Misc,N/A,Head Injury,Seizure Disorder,,,,,,,,,,,
,Stroke,,Misc,N/A,Stroke,Seizure Disorder,,,,,,,,,,,
,Alzheimer Disease,,Misc,N/A,Alzheimer Disease,Seizure Disorder,,,,,,,,,,,
,Intracranial Infection,,Misc,N/A,Intracranial Infection,Seizure Disorder,,,,,,,,,,,
,Alcohol Abuse,,Misc,N/A,Alcohol Abuse,Seizure Disorder,,,,,,,,,,,
,Drug Abuse,,Misc,N/A,Drug Abuse,Seizure Disorder,,,,,,,,,,,
,HIV / AIDS,,Misc,N/A,HIV / AIDS,Seizure Disorder,,,,,,,,,,,
,Partial,,Misc,N/A,Partial,Seizure Disorder,,,,,,,,,,,
,Generalized / Tonic – Clonic,,Misc,N/A,Generalized / Tonic – Clonic,Seizure Disorder,,,,,,,,,,,
,Ineffective,,Misc,N/A,Ineffective,Seizure Disorder,,,,,,,,,,,
,Adverse Effects,,Misc,N/A,Adverse Effects,Seizure Disorder,,,,,,,,,,,
,Severity classification NYHA - Class I,,Misc,N/A,Severity classification NYHA - Class I,Rheumatoid Heart Disease,,,,,,,,,,,
,Severity classification NYHA - Class II,,Misc,N/A,Severity classification NYHA - Class II,Rheumatoid Heart Disease,,,,,,,,,,,
,Severity classification NYHA - Class III,,Misc,N/A,Severity classification NYHA - Class III,Rheumatoid Heart Disease,,,,,,,,,,,
,Severity classification NYHA - Class VI,,Misc,N/A,Severity classification NYHA - Class VI,Rheumatoid Heart Disease,,,,,,,,,,,
,Penicillin,,Misc,N/A,Penicillin,Rheumatoid Heart Disease,,,,,,,,,,,
,Heart Failure Medicines,,Misc,N/A,Heart Failure Medicines,Rheumatoid Heart Disease,,,,,,,,,,,
,Mitral Regurg,,Misc,N/A,Mitral Regurg,Rheumatoid Heart Disease,,,,,,,,,,,
,Mitral Stenosis,,Misc,N/A,Mitral Stenosis,Rheumatoid Heart Disease,,,,,,,,,,,
,Aortic Regurg,,Misc,N/A,Aortic Regurg,Rheumatoid Heart Disease,,,,,,,,,,,
,Aortic Stenosis,,Misc,N/A,Aortic Stenosis,Rheumatoid Heart Disease,,,,,,,,,,,
,Mild,,Misc,N/A,Mild,Rheumatoid Heart Disease,,,,,,,,,,,
,Moderate,,Misc,N/A,Moderate,Rheumatoid Heart Disease,,,,,,,,,,,
,Severe,,Misc,N/A,Severe,Rheumatoid Heart Disease,,,,,,,,,,,
,No Previous Diagnosis,,Misc,N/A,No Previous Diagnosis,Rheumatoid Arthritis,,,,,,,,,,,
,Confirmed Elsewhere,,Misc,N/A,Confirmed Elsewhere,Rheumatoid Arthritis,,,,,,,,,,,
,RF Positive,,Misc,N/A,RF Positive,Rheumatoid Arthritis,,,,,,,,,,,
,RF Negative,,Misc,N/A,RF Negative,Rheumatoid Arthritis,,,,,,,,,,,
,NSAID,,Misc,N/A,NSAID,Rheumatoid Arthritis,,,,,,,,,,,
,Methotrexade,,Misc,N/A,Methotrexade,Rheumatoid Arthritis,,,,,,,,,,,
,Steroid,,Misc,N/A,Steroid,Rheumatoid Arthritis,,,,,,,,,,,
,Osteoarthritis,,Misc,N/A,Osteoarthritis,Rheumatoid Arthritis,,,,,,,,,,,
,Syetematic Rheumatic Diseases,,Misc,N/A,Syetematic Rheumatic Diseases,Rheumatoid Arthritis,,,,,,,,,,,
,Acute Viral Polyarthritis,,Misc,N/A,Acute Viral Polyarthritis,Rheumatoid Arthritis,,,,,,,,,,,
,Psoriatic Arthritis,,Misc,N/A,Psoriatic Arthritis,Rheumatoid Arthritis,,,,,,,,,,,
,Crystalline Arthritis,,Misc,N/A,Crystalline Arthritis,Rheumatoid Arthritis,,,,,,,,,,,
,Fibromyalgia,,Misc,N/A,Fibromyalgia,Rheumatoid Arthritis,,,,,,,,,,,
,Reactive Arthritis,,Misc,N/A,Reactive Arthritis,Rheumatoid Arthritis,,,,,,,,,,,
,No Pain,,Misc,N/A,No Pain,Rheumatoid Arthritis,,,,,,,,,,,
,Worst in Life,,Misc,N/A,Worst in Life,Rheumatoid Arthritis,,,,,,,,,,,
,Methotrexate,,Misc,N/A,Methotrexate,Rheumatoid Arthritis,,,,,,,,,,,
,NSAID,,Misc,N/A,NSAID,Rheumatoid Arthritis,,,,,,,,,,,
,Prednisone,,Misc,N/A,Prednisone,Rheumatoid Arthritis,,,,,,,,,,,
,Diet Control,,Misc,N/A,Diet Control,Diabetes,,,,,,,,,,,
,Exercise,,Misc,N/A,Exercise,Diabetes,,,,,,,,,,,
,Adverse Effect of Medicine,,Misc,N/A,Adverse Effect of Medicine,Diabetes,,,,,,,,,,,
,Symptoms of Hypoglycemia,,Misc,N/A,Symptoms of Hypoglycemia,Diabetes,,,,,,,,,,,
,Worsened Comorbid Illness,,Misc,N/A,Worsened Comorbid Illness,Diabetes,,,,,,,,,,,
,Decreased Vision,,Misc,N/A,Decreased Vision,Diabetes,,,,,,,,,,,
,Numbness,,Misc,N/A,Numbness,Diabetes,,,,,,,,,,,
,Tingling,,Misc,N/A,Tingling,Diabetes,,,,,,,,,,,
,Burning Pain in Extremeties,,Misc,N/A,Burning Pain in Extremeties,Diabetes,,,,,,,,,,,
,Shortness of Breath,,Misc,N/A,Shortness of Breath,Diabetes,,,,,,,,,,,
,Dyspnea,,Misc,N/A,Dyspnea,Diabetes,,,,,,,,,,,
,Angina,,Misc,N/A,Angina,Diabetes,,,,,,,,,,,
,Edema,,Misc,N/A,Edema,Diabetes,,,,,,,,,,,
,Metformin,,Misc,N/A,Metformin,Diabetes,,,,,,,,,,,
,Sulfonuria,,Misc,N/A,Sulfonuria,Diabetes,,,,,,,,,,,
,Insulin Short Acting,,Misc,N/A,Insulin Short Acting,Diabetes,,,,,,,,,,,
,Insulin Long Acting,,Misc,N/A,Insulin Long Acting,Diabetes,,,,,,,,,,,
,Insulin 70/30,,Misc,N/A,Insulin 70/30,Diabetes,,,,,,,,,,,
,No Previous Diagnosis,,Misc,N/A,No Previous Diagnosis,Diabetes,,,,,,,,,,,
,Confirmed Elsewhere,,Misc,N/A,Confirmed Elsewhere,Diabetes,,,,,,,,,,,
,Type 1 DM,,Misc,N/A,Type 1 DM,Diabetes,,,,,,,,,,,
,Type 2 DM,,Misc,N/A,Type 2 DM,Diabetes,,,,,,,,,,,
,Polyuria,,Misc,N/A,Polyuria,Diabetes,,,,,,,,,,,
,Blurred Vision,,Misc,N/A,Blurred Vision,Diabetes,,,,,,,,,,,
,Polydypsia,,Misc,N/A,Polydypsia,Diabetes,,,,,,,,,,,
,Nocturia,,Misc,N/A,Nocturia,Diabetes,,,,,,,,,,,
,Weight Loss,,Misc,N/A,Weight Loss,Diabetes,,,,,,,,,,,
,Hypertension,,Misc,N/A,Hypertension,Diabetes,,,,,,,,,,,
,Hyperlipidemia,,Misc,N/A,Hyperlipidemia,Diabetes,,,,,,,,,,,
,Coronary DZ,,Misc,N/A,Coronary DZ,Diabetes,,,,,,,,,,,
,Obesity,,Misc,N/A,Obesity,Diabetes,,,,,,,,,,,
,Heart failure,,Misc,N/A,Heart failure,Diabetes,,,,,,,,,,,
,CKD,,Misc,N/A,CKD,Diabetes,,,,,,,,,,,
,None / Sedentary,,Misc,N/A,None / Sedentary,Diabetes,,,,,,,,,,,
,Standing at work,,Misc,N/A,Standing at work,Diabetes,,,,,,,,,,,
,Labor for work,,Misc,N/A,Labor for work,Diabetes,,,,,,,,,,,
,Cardio exercise,,Misc,N/A,Cardio exercise,Diabetes,,,,,,,,,,,
,Metformin,,Misc,N/A,Metformin,Diabetes,,,,,,,,,,,
,Glipizide,,Misc,N/A,Glipizide,Diabetes,,,,,,,,,,,
,Insulin 70/30,,Misc,N/A,Insulin 70/30,Diabetes,,,,,,,,,,,
,Expected,,Misc,N/A,Expected,Death note,,,,,,,,,,,
,Unexpected,,Misc,N/A,Unexpected,Death note,,,,,,,,,,,
,Medico Legal,,Misc,N/A,Medico Legal,Death note,,,,,,,,,,,
,Police Case,,Misc,N/A,Police Case,Death note,,,,,,,,,,,
,Crushing chest pain,,Misc,N/A,Crushing chest pain,Coronary Artery Disease,,,,,,,,,,,
,Dyspnea,,Misc,N/A,Dyspnea,Coronary Artery Disease,,,,,,,,,,,
,Chest pain worse on exercise,,Misc,N/A,Chest pain worse on exercise,Coronary Artery Disease,,,,,,,,,,,
,Fatigue,,Misc,N/A,Fatigue,Coronary Artery Disease,,,,,,,,,,,
,3 months,,Misc,N/A,3 months,Coronary Artery Disease,,,,,,,,,,,
,2 week,,Misc,N/A,2 week,Coronary Artery Disease,,,,,,,,,,,
,Send to ER,,Misc,N/A,Send to ER,Coronary Artery Disease,,,,,,,,,,,
,Manage and 3 months,,Misc,N/A,Manage and 3 months,Coronary Artery Disease,,,,,,,,,,,
,No Previous Diagnosis,,Misc,N/A,No Previous Diagnosis,Coronary Artery Disease,,,,,,,,,,,
,Confirmed Elsewhere,,Misc,N/A,Confirmed Elsewhere,Coronary Artery Disease,,,,,,,,,,,
,Myocardiac infarction,,Misc,N/A,Myocardiac infarction,Coronary Artery Disease,,,,,,,,,,,
,Angiography,,Misc,N/A,Angiography,Coronary Artery Disease,,,,,,,,,,,
,Stenting / bypass history,,Misc,N/A,Stenting / bypass history,Coronary Artery Disease,,,,,,,,,,,
,Hypertension,,Misc,N/A,Hypertension,Coronary Artery Disease,,,,,,,,,,,
,Diabetes,,Misc,N/A,Diabetes,Coronary Artery Disease,,,,,,,,,,,
,Hyperlipidemia,,Misc,N/A,Hyperlipidemia,Coronary Artery Disease,,,,,,,,,,,
,Age > 60/65 m/f,,Misc,N/A,Age > 60/65 m/f,Coronary Artery Disease,,,,,,,,,,,
,Smoking,,Misc,N/A,Smoking,Coronary Artery Disease,,,,,,,,,,,
,Family History early M.I.,,Misc,N/A,Family History early M.I.,Coronary Artery Disease,,,,,,,,,,,
,Obesity,,Misc,N/A,Obesity,Coronary Artery Disease,,,,,,,,,,,
,Lack of exercise,,Misc,N/A,Lack of exercise,Coronary Artery Disease,,,,,,,,,,,
,Female,,Misc,N/A,Female,Coronary Artery Disease,,,,,,,,,,,
,None / Sedentary,,Misc,N/A,None / Sedentary,Coronary Artery Disease,,,,,,,,,,,
,Standing at work,,Misc,N/A,Standing at work,Coronary Artery Disease,,,,,,,,,,,
,Labor for work,,Misc,N/A,Labor for work,Coronary Artery Disease,,,,,,,,,,,
,Cardio exercise,,Misc,N/A,Cardio exercise,Coronary Artery Disease,,,,,,,,,,,
,Statin,,Misc,N/A,Statin,Coronary Artery Disease,,,,,,,,,,,
,Beta Blocker,,Misc,N/A,Beta Blocker,Coronary Artery Disease,,,,,,,,,,,
,Ace Inhibitor,,Misc,N/A,Ace Inhibitor,Coronary Artery Disease,,,,,,,,,,,
,Calcium CH Blocker,,Misc,N/A,Calcium CH Blocker,Coronary Artery Disease,,,,,,,,,,,
,Nitroglycerin,,Misc,N/A,Nitroglycerin,Coronary Artery Disease,,,,,,,,,,,
,Aspirin,,Misc,N/A,Aspirin,Coronary Artery Disease,,,,,,,,,,,
,Dyspnea,,Misc,N/A,Dyspnea,Congestive Heart Disease,,,,,,,,,,,
,On exertion,,Misc,N/A,On exertion,Congestive Heart Disease,,,,,,,,,,,
,Orthopnea,,Misc,N/A,Orthopnea,Congestive Heart Disease,,,,,,,,,,,
,Paroxysmal nocturnal dyspnea,,Misc,N/A,Paroxysmal nocturnal dyspnea,Congestive Heart Disease,,,,,,,,,,,
,Edema,,Misc,N/A,Edema,Congestive Heart Disease,,,,,,,,,,,
,Cough,,Misc,N/A,Cough,Congestive Heart Disease,,,,,,,,,,,
,All other,,Misc,N/A,All other,Congestive Heart Disease,,,,,,,,,,,
,Severity classification NYHA - Class I,,Misc,N/A,Severity classification NYHA - Class I,Congestive Heart Disease,,,,,,,,,,,
,Severity classification NYHA - Class II,,Misc,N/A,Severity classification NYHA - Class II,Congestive Heart Disease,,,,,,,,,,,
,Severity classification NYHA - Class III,,Misc,N/A,Severity classification NYHA - Class III,Congestive Heart Disease,,,,,,,,,,,
,Severity classification NYHA - Class VI,,Misc,N/A,Severity classification NYHA - Class VI,Congestive Heart Disease,,,,,,,,,,,
,Med non adherence,,Misc,N/A,Med non adherence,Congestive Heart Disease,,,,,,,,,,,
,Change in diet,,Misc,N/A,Change in diet,Congestive Heart Disease,,,,,,,,,,,
,Recent illness,,Misc,N/A,Recent illness,Congestive Heart Disease,,,,,,,,,,,
,Worsening valvular disease,,Misc,N/A,Worsening valvular disease,Congestive Heart Disease,,,,,,,,,,,
,Pregnancy,,Misc,N/A,Pregnancy,Congestive Heart Disease,,,,,,,,,,,
,Arythmia,,Misc,N/A,Arythmia,Congestive Heart Disease,,,,,,,,,,,
,Worsening Hypertension,,Misc,N/A,Worsening Hypertension,Congestive Heart Disease,,,,,,,,,,,
,Valvular disease,,Misc,N/A,Valvular disease,Congestive Heart Disease,,,,,,,,,,,
,Viral Cardiomyopathy,,Misc,N/A,Viral Cardiomyopathy,Congestive Heart Disease,,,,,,,,,,,
,Acute Rheumatic fever,,Misc,N/A,Acute Rheumatic fever,Congestive Heart Disease,,,,,,,,,,,
,Peripartum C'mpathy,,Misc,N/A,Peripartum C'mpathy,Congestive Heart Disease,,,,,,,,,,,
,Idiopathic,,Misc,N/A,Idiopathic,Congestive Heart Disease,,,,,,,,,,,
,HIV,,Misc,N/A,HIV,Congestive Heart Disease,,,,,,,,,,,
,Hypertension,,Misc,N/A,Hypertension,Congestive Heart Disease,,,,,,,,,,,
,no change in medicine,,Misc,N/A,no change in medicine,Congestive Heart Disease,,,,,,,,,,,
,uptitrate medicine as below,,Misc,N/A,uptitrate medicine as below,Congestive Heart Disease,,,,,,,,,,,
,Acute decompensation,,Misc,N/A,Acute decompensation,Congestive Heart Disease,,,,,,,,,,,
,Other acute illness,,Misc,N/A,Other acute illness,Congestive Heart Disease,,,,,,,,,,,
,No Previous Diagnosis,,Misc,N/A,No Previous Diagnosis,Congestive Heart Disease,,,,,,,,,,,
,Confirmed Elsewhere,,Misc,N/A,Confirmed Elsewhere,Congestive Heart Disease,,,,,,,,,,,
,Myocardiac infarction,,Misc,N/A,Myocardiac infarction,Congestive Heart Disease,,,,,,,,,,,
,Angiography,,Misc,N/A,Angiography,Congestive Heart Disease,,,,,,,,,,,
,Stenting / bypass history,,Misc,N/A,Stenting / bypass history,Congestive Heart Disease,,,,,,,,,,,
,Hypertension,,Misc,N/A,Hypertension,Congestive Heart Disease,,,,,,,,,,,
,Diabetes,,Misc,N/A,Diabetes,Congestive Heart Disease,,,,,,,,,,,
,Hyperlipidemia,,Misc,N/A,Hyperlipidemia,Congestive Heart Disease,,,,,,,,,,,
,Age > 60/65 m/f,,Misc,N/A,Age > 60/65 m/f,Congestive Heart Disease,,,,,,,,,,,
,Smoking,,Misc,N/A,Smoking,Congestive Heart Disease,,,,,,,,,,,
,Family History early M.I.,,Misc,N/A,Family History early M.I.,Congestive Heart Disease,,,,,,,,,,,
,Obesity,,Misc,N/A,Obesity,Congestive Heart Disease,,,,,,,,,,,
,Lack of exercise,,Misc,N/A,Lack of exercise,Congestive Heart Disease,,,,,,,,,,,
,Female,,Misc,N/A,Female,Congestive Heart Disease,,,,,,,,,,,
,None / Sedentary,,Misc,N/A,None / Sedentary,Congestive Heart Disease,,,,,,,,,,,
,Standing at work,,Misc,N/A,Standing at work,Congestive Heart Disease,,,,,,,,,,,
,Labor for work,,Misc,N/A,Labor for work,Congestive Heart Disease,,,,,,,,,,,
,Cardio exercise,,Misc,N/A,Cardio exercise,Congestive Heart Disease,,,,,,,,,,,
,Statin,,Misc,N/A,Statin,Congestive Heart Disease,,,,,,,,,,,
,Beta Blocker,,Misc,N/A,Beta Blocker,Congestive Heart Disease,,,,,,,,,,,
,Ace Inhibitor,,Misc,N/A,Ace Inhibitor,Congestive Heart Disease,,,,,,,,,,,
,Calcium CH Blocker,,Misc,N/A,Calcium CH Blocker,Congestive Heart Disease,,,,,,,,,,,
,Nitroglycerin,,Misc,N/A,Nitroglycerin,Congestive Heart Disease,,,,,,,,,,,
,Aspirin,,Misc,N/A,Aspirin,Congestive Heart Disease,,,,,,,,,,,
,KIDGO G1,,Misc,N/A,KIDGO G1,Chronic Kidney Disease,,,,,,,,,,,
,KIDGO G2,,Misc,N/A,KIDGO G2,Chronic Kidney Disease,,,,,,,,,,,
,KIDGO G3a,,Misc,N/A,KIDGO G3a,Chronic Kidney Disease,,,,,,,,,,,
,KIDGO G3b,,Misc,N/A,KIDGO G3b,Chronic Kidney Disease,,,,,,,,,,,
,KIDGO G4,,Misc,N/A,KIDGO G4,Chronic Kidney Disease,,,,,,,,,,,
,KIDGO G5,,Misc,N/A,KIDGO G5,Chronic Kidney Disease,,,,,,,,,,,
,"Albuminuria, A1",,Misc,N/A,"Albuminuria, A1",Chronic Kidney Disease,,,,,,,,,,,
,"Albuminuria, A2",,Misc,N/A,"Albuminuria, A2",Chronic Kidney Disease,,,,,,,,,,,
,"Albuminuria, A3",,Misc,N/A,"Albuminuria, A3",Chronic Kidney Disease,,,,,,,,,,,
,Polycystic Kidney,,Misc,N/A,Polycystic Kidney,Chronic Kidney Disease,,,,,,,,,,,
,Hyderonephrosis Due To Obstruction,,Misc,N/A,Hyderonephrosis Due To Obstruction,Chronic Kidney Disease,,,,,,,,,,,
,Cortical Scarring,,Misc,N/A,Cortical Scarring,Chronic Kidney Disease,,,,,,,,,,,
,Renal Masses,,Misc,N/A,Renal Masses,Chronic Kidney Disease,,,,,,,,,,,
,Small And Echogenic Kidneys,,Misc,N/A,Small And Echogenic Kidneys,Chronic Kidney Disease,,,,,,,,,,,
,Renal Artery Stenosis,,Misc,N/A,Renal Artery Stenosis,Chronic Kidney Disease,,,,,,,,,,,
,Furosemide,,Misc,N/A,Furosemide,Chronic Kidney Disease,,,,,,,,,,,
,BP Medicine,,Misc,N/A,BP Medicine,Chronic Kidney Disease,,,,,,,,,,,
,Ace Inhibitor,,Misc,N/A,Ace Inhibitor,Chronic Kidney Disease,,,,,,,,,,,
,Statin,,Misc,N/A,Statin,Chronic Kidney Disease,,,,,,,,,,,
,Iron for Anemia,,Misc,N/A,Iron for Anemia,Chronic Kidney Disease,,,,,,,,,,,
,K Check Q3MO,,Misc,N/A,K Check Q3MO,Chronic Kidney Disease,,,,,,,,,,,
,BP Check Q3MO,,Misc,N/A,BP Check Q3MO,Chronic Kidney Disease,,,,,,,,,,,
,CBC Q12MO Anemia,,Misc,N/A,CBC Q12MO Anemia,Chronic Kidney Disease,,,,,,,,,,,
,Age <50 Q12MO,,Misc,N/A,Age <50 Q12MO,Chronic Kidney Disease,,,,,,,,,,,
,Hypertriglyceridemia,,Misc,N/A,Hypertriglyceridemia,Chronic Kidney Disease,,,,,,,,,,,
,Stage G2 Or Worse,,Misc,N/A,Stage G2 Or Worse,Chronic Kidney Disease,,,,,,,,,,,
,Malnutrition,,Misc,N/A,Malnutrition,Chronic Kidney Disease,,,,,,,,,,,
,Anorexia,,Misc,N/A,Anorexia,Chronic Kidney Disease,,,,,,,,,,,
,Nausea,,Misc,N/A,Nausea,Chronic Kidney Disease,,,,,,,,,,,
,Fatigue,,Misc,N/A,Fatigue,Chronic Kidney Disease,,,,,,,,,,,
,Vomiting,,Misc,N/A,Vomiting,Chronic Kidney Disease,,,,,,,,,,,
,Sexual Dysfunction,,Misc,N/A,Sexual Dysfunction,Chronic Kidney Disease,,,,,,,,,,,
,Pericarditis,,Misc,N/A,Pericarditis,Chronic Kidney Disease,,,,,,,,,,,
,Neuropathy,,Misc,N/A,Neuropathy,Chronic Kidney Disease,,,,,,,,,,,
,"≥3 Months Presence Of Kidney Damage
",,Misc,N/A,"≥3 Months Presence Of Kidney Damage
",Chronic Kidney Disease,,,,,,,,,,,
,Decreased Kidney Function,,Misc,N/A,Decreased Kidney Function,Chronic Kidney Disease,,,,,,,,,,,
,Glomerular Diseases,,Misc,N/A,Glomerular Diseases,Chronic Kidney Disease,,,,,,,,,,,
,Vascular Diseases,,Misc,N/A,Vascular Diseases,Chronic Kidney Disease,,,,,,,,,,,
,Tubulointerstitial Diseases,,Misc,N/A,Tubulointerstitial Diseases,Chronic Kidney Disease,,,,,,,,,,,
,Cystic Disease,,Misc,N/A,Cystic Disease,Chronic Kidney Disease,,,,,,,,,,,
,Ace Inhibitor,,Misc,N/A,Ace Inhibitor,Chronic Kidney Disease,,,,,,,,,,,
,Furosemide,,Misc,N/A,Furosemide,Chronic Kidney Disease,,,,,,,,,,,
,Spironolactone,,Misc,N/A,Spironolactone,Chronic Kidney Disease,,,,,,,,,,,
,Fever,,Misc,N/A,Fever,Asthma,,,,,,,,,,,
,Chronic Purulent Suptum Production,,Misc,N/A,Chronic Purulent Suptum Production,Asthma,,,,,,,,,,,
,Hemoptysis,,Misc,N/A,Hemoptysis,Asthma,,,,,,,,,,,
,Clubbing,,Misc,N/A,Clubbing,Asthma,,,,,,,,,,,
,Inspiratory Crackles,,Misc,N/A,Inspiratory Crackles,Asthma,,,,,,,,,,,
,Hypoxemia,,Misc,N/A,Hypoxemia,Asthma,,,,,,,,,,,
,Weight Loss,,Misc,N/A,Weight Loss,Asthma,,,,,,,,,,,
,COPD,,Misc,N/A,COPD,Asthma,,,,,,,,,,,
,Heart Failure,,Misc,N/A,Heart Failure,Asthma,,,,,,,,,,,
,Pulmonary Embolism,,Misc,N/A,Pulmonary Embolism,Asthma,,,,,,,,,,,
,Sarcoidosis,,Misc,N/A,Sarcoidosis,Asthma,,,,,,,,,,,
,Rhinitis,,Misc,N/A,Rhinitis,Asthma,,,,,,,,,,,
,Rhinosinositis,,Misc,N/A,Rhinosinositis,Asthma,,,,,,,,,,,
,GRED - Gestroesophageal Reflux Disease,,Misc,N/A,GRED - Gestroesophageal Reflux Disease,Asthma,,,,,,,,,,,
,Post Viral Tussive Syndrome,,Misc,N/A,Post Viral Tussive Syndrome,Asthma,,,,,,,,,,,
,Eosinophilic Bhronchitis,,Misc,N/A,Eosinophilic Bhronchitis,Asthma,,,,,,,,,,,
,Cough,,Misc,N/A,Cough,Asthma,,,,,,,,,,,
,Anaphylaxis,,Misc,N/A,Anaphylaxis,Asthma,,,,,,,,,,,
,Laryngeal Stenosis,,Misc,N/A,Laryngeal Stenosis,Asthma,,,,,,,,,,,
,Tonsillar Hypertrophy,,Misc,N/A,Tonsillar Hypertrophy,Asthma,,,,,,,,,,,
,Goiter,,Misc,N/A,Goiter,Asthma,,,,,,,,,,,
,Postnasal Drip Syndrome,,Misc,N/A,Postnasal Drip Syndrome,Asthma,,,,,,,,,,,
,Mucous Plug,,Misc,N/A,Mucous Plug,Asthma,,,,,,,,,,,
,Tumor,,Misc,N/A,Tumor,Asthma,,,,,,,,,,,
,Bronchiectasis,,Misc,N/A,Bronchiectasis,Asthma,,,,,,,,,,,
,CHF,,Misc,N/A,CHF,Asthma,,,,,,,,,,,
,Exercise,,Misc,N/A,Exercise,Asthma,,,,,,,,,,,
,Cold Air,,Misc,N/A,Cold Air,Asthma,,,,,,,,,,,
,Exposure to Allergens,,Misc,N/A,Exposure to Allergens,Asthma,,,,,,,,,,,
,All the Time,,Misc,N/A,All the Time,Asthma,,,,,,,,,,,
,Mostly,,Misc,N/A,Mostly,Asthma,,,,,,,,,,,
,Sometimes,,Misc,N/A,Sometimes,Asthma,,,,,,,,,,,
,Little,,Misc,N/A,Little,Asthma,,,,,,,,,,,
,None,,Misc,N/A,None,Asthma,,,,,,,,,,,
,Increase in Cough,,Misc,N/A,Increase in Cough,Asthma,,,,,,,,,,,
,Increase in Sputum Production,,Misc,N/A,Increase in Sputum Production,Asthma,,,,,,,,,,,
,Dyspnea Worse,,Misc,N/A,Dyspnea Worse,Asthma,,,,,,,,,,,
,"Treated at, Home",,Misc,N/A,"Treated at, Home",Asthma,,,,,,,,,,,
,"Treated at, Inpatient",,Misc,N/A,"Treated at, Inpatient",Asthma,,,,,,,,,,,
,Zero,,Misc,N/A,Zero,Asthma,,,,,,,,,,,
,One,,Misc,N/A,One,Asthma,,,,,,,,,,,
,Two,,Misc,N/A,Two,Asthma,,,,,,,,,,,
,Greater than or 3,,Misc,N/A,Greater than or 3,Asthma,,,,,,,,,,,
,Wheezing,,Misc,N/A,Wheezing,Asthma,,,,,,,,,,,
,Cough,,Misc,N/A,Cough,Asthma,,,,,,,,,,,
,Shortness of Breath,,Misc,N/A,Shortness of Breath,Asthma,,,,,,,,,,,
,Difficulty Breathing,,Misc,N/A,Difficulty Breathing,Asthma,,,,,,,,,,,
,Chest tightness,,Misc,N/A,Chest tightness,Asthma,,,,,,,,,,,
,Family History of Asthma,,Misc,N/A,Family History of Asthma,Asthma,,,,,,,,,,,
,Personal History of Atopic Disease,,Misc,N/A,Personal History of Atopic Disease,Asthma,,,,,,,,,,,
,Asthmatic Symptoms as Child,,Misc,N/A,Asthmatic Symptoms as Child,Asthma,,,,,,,,,,,
,B Agonist,,Misc,N/A,B Agonist,Asthma,,,,,,,,,,,
,Inhaled Steroid,,Misc,N/A,Inhaled Steroid,Asthma,,,,,,,,,,,
,Ipratropium,,Misc,N/A,Ipratropium,Asthma,,,,,,,,,,,
,Oral Steroid,,Misc,N/A,Oral Steroid,Asthma,,,,,,,,,,,
,Hypertension,,Misc,N/A,Hypertension,Hypertension,,,,,,,,,,,
,Congestive Heart Failure,,Misc,N/A,Congestive Heart Failure,Hypertension,,,,,,,,,,,
,Myocardiac Infraction,,Misc,N/A,Myocardiac Infraction,Hypertension,,,,,,,,,,,
,Chest Pain,,Misc,N/A,Chest Pain,Hypertension,,,,,,,,,,,
,Primary Renal Disease,,Misc,N/A,Primary Renal Disease,Hypertension,,,,,,,,,,,
,Oral Contraceptives,,Misc,N/A,Oral Contraceptives,Hypertension,,,,,,,,,,,
,Drug Induced,,Misc,N/A,Drug Induced,Hypertension,,,,,,,,,,,
,Pain Due To Other Illness,,Misc,N/A,Pain Due To Other Illness,Hypertension,,,,,,,,,,,
,Endocrine Hypothyroidism,,Misc,N/A,Endocrine Hypothyroidism,Hypertension,,,,,,,,,,,
,Hyperthyroidism,,Misc,N/A,Hyperthyroidism,Hypertension,,,,,,,,,,,
,Hyperparathyroidism,,Misc,N/A,Hyperparathyroidism,Hypertension,,,,,,,,,,,
,Coarctation Of Aorta,,Misc,N/A,Coarctation Of Aorta,Hypertension,,,,,,,,,,,
,Renovascular Disease,,Misc,N/A,Renovascular Disease,Hypertension,,,,,,,,,,,
,Obstructive Sleep Apnea,,Misc,N/A,Obstructive Sleep Apnea,Hypertension,,,,,,,,,,,
,HCTZ,,Misc,N/A,HCTZ,Hypertension,,,,,,,,,,,
,Ace Inhibitor,,Misc,N/A,Ace Inhibitor,Hypertension,,,,,,,,,,,
,Beta Blocker,,Misc,N/A,Beta Blocker,Hypertension,,,,,,,,,,,
,Calcium CH Blocker,,Misc,N/A,Calcium CH Blocker,Hypertension,,,,,,,,,,,
,Nitroglycerin,,Misc,N/A,Nitroglycerin,Hypertension,,,,,,,,,,,
,Digoxin,,Misc,N/A,Digoxin,Hypertension,,,,,,,,,,,
,Normal Blood Pressure,,Misc,N/A,Normal Blood Pressure,Hypertension,,,,,,,,,,,
,Prehypertension,,Misc,N/A,Prehypertension,Hypertension,,,,,,,,,,,
,Hypertension,,Misc,N/A,Hypertension,Hypertension,,,,,,,,,,,
,Stage 1,,Misc,N/A,Stage 1,Hypertension,,,,,,,,,,,
,Stage 2,,Misc,N/A,Stage 2,Hypertension,,,,,,,,,,,
,Stage 3,,Misc,N/A,Stage 3,Hypertension,,,,,,,,,,,
,Excess Sodium Intake,,Misc,N/A,Excess Sodium Intake,Hypertension,,,,,,,,,,,
,Obesity And Weight Gain,,Misc,N/A,Obesity And Weight Gain,Hypertension,,,,,,,,,,,
,Excess Alcohol Intake,,Misc,N/A,Excess Alcohol Intake,Hypertension,,,,,,,,,,,
,Lack of exercise,,Misc,N/A,Lack of exercise,Hypertension,,,,,,,,,,,
,Dyslipidemia,,Misc,N/A,Dyslipidemia,Hypertension,,,,,,,,,,,
,Family History,,Misc,N/A,Family History,Hypertension,,,,,,,,,,,
,HCTZ,,Misc,N/A,HCTZ,Hypertension,,,,,,,,,,,
,Atenolol,,Misc,N/A,Atenolol,Hypertension,,,,,,,,,,,
,Amoldipine,,Misc,N/A,Amoldipine,Hypertension,,,,,,,,,,,
,Enalapril,,Misc,N/A,Enalapril,Hypertension,,,,,,,,,,,
,Edema,,Misc,N/A,Edema,Hypertension,,,,,,,,,,,
,Dyspnea,,Misc,N/A,Dyspnea,Hypertension,,,,,,,,,,,
,PND,,Misc,N/A,PND,Hypertension,,,,,,,,,,,
,Orthopnea,,Misc,N/A,Orthopnea,Hypertension,,,,,,,,,,,
,Angina,,Misc,N/A,Angina,Hypertension,,,,,,,,,,,
,Weakness / Facial Droop,,Misc,N/A,Weakness / Facial Droop,Hypertension,,,,,,,,,,,
,Urinary Disease,,Misc,N/A,Urinary Disease,Hypertension,,,,,,,,,,,
,Acute Headache,,Misc,N/A,Acute Headache,Hypertension,,,,,,,,,,,
,Crushing Chest Pain,,Misc,N/A,Crushing Chest Pain,Hypertension,,,,,,,,,,,
,Blurred Vision,,Misc,N/A,Blurred Vision,Hypertension,,,,,,,,,,,
,Zero, ,Misc,N/A,Zero,COPD,,,,,,,,,,,
,One,,Misc,N/A,One,COPD,,,,,,,,,,,
,Two,,Misc,N/A,Two,COPD,,,,,,,,,,,
,Greater than or 3,,Misc,N/A,Greater than or 3,COPD,,,,,,,,,,,
,Evidence of Pneumonia,,Misc,N/A,Evidence of Pneumonia,COPD,,,,,,,,,,,
,Evidence of CHF,,Misc,N/A,Evidence of CHF,COPD,,,,,,,,,,,
,Evidence of Tuberculosis,,Misc,N/A,Evidence of Tuberculosis,COPD,,,,,,,,,,,
,Four,,Misc,N/A,Four,COPD,,,,,,,,,,,
,Stable,,Misc,N/A,Stable,COPD,,,,,,,,,,,
,Mild Exacerbation,,Misc,N/A,Mild Exacerbation,COPD,,,,,,,,,,,
,Moderate Exacerbation,,Misc,N/A,Moderate Exacerbation,COPD,,,,,,,,,,,
,Severe Exacerbation,,Misc,N/A,Severe Exacerbation,COPD,,,,,,,,,,,
,Salbutamol,,Misc,N/A,Salbutamol,COPD,,,,,,,,,,,
,Ipratropium,,Misc,N/A,Ipratropium,COPD,,,,,,,,,,,
,Dyspnea,,Misc,N/A,Dyspnea,COPD,,,,,,,,,,,
,Sputum,,Misc,N/A,Sputum,COPD,,,,,,,,,,,
,Chronic cough > 3 months,,Misc,N/A,Chronic cough > 3 months,COPD,,,,,,,,,,,
,Wheezing,,Misc,N/A,Wheezing,COPD,,,,,,,,,,,
,Chest tightness,,Misc,N/A,Chest tightness,COPD,,,,,,,,,,,
,Beta Blocker,,Misc,N/A,Beta Blocker,COPD,,,,,,,,,,,
,Ipratropium,,Misc,N/A,Ipratropium,COPD,,,,,,,,,,,
,Oral Steroid,,Misc,N/A,Oral Steroid,COPD,,,,,,,,,,,
,Antibiotics,,Misc,N/A,Antibiotics,COPD,,,,,,,,,,,
