uuid,name,description,class,datatype,shortname,reference-term-source,reference-term-code,reference-term-relationship,answer.1,answer.2,answer.3,answer.4,answer.5,answer.6,answer.7,answer.8,answer.9,answer.10,answer.11,answer.12,answer.13,answer.14,answer.15,answer.16
,"Anaemia, Diagnosed Date",,Misc,Date,Diagnosed Date,,,,,,,,,,,,,,,,,,,
,"Anaemia, Treatment Details",,Misc,Text,Treatment Details,,,,,,,,,,,,,,,,,,,
,"Anaemia, On Treatment",,Misc,Boolean,On treatment,,,,,,,,,,,,,,,,,,,
,"Anaemia, Reason for no treatment",,Misc,Text,"Reason for no treatment",,,,,,,,,,,,,,,,,,,
,"Anaemia, Treatment Stopped Since",,Misc,Text,Treatment Stopped Since,,,,,,,,,,,,,,,,,,,
,"Anaemia, Current Status",,Misc,Text,Current Status,,,,,,,,,,,,,,,,,,,
