uuid,name,description,class,shortname,reference-term-code,reference-term-relationship,reference-term-source,child.1,child.2,child.3,child.4,child.5,child.6,child.7,child.8,child.9,child.10
,"Coronary Heart Disease, Intake, Diagnosis details",,Misc,Diagnosis details,,,,"Coronary Heart Disease, Intake, Last Visit Date","Coronary Heart Disease, Intake, Previous followup location","Coronary Heart Disease, Intake, Diagnosis status","Coronary Heart Disease, Intake, Date confirmed","Coronary Heart Disease, Intake, Diagnosis location","Coronary Heart Disease, Intake, Diagnosis","Coronary Heart Disease, Intake, Results","Coronary Heart Disease, Intake, Risk factors","Coronary Heart Disease, Intake, Soft risk factors",
,"Coronary Heart Disease, Intake, Past diagnostics",,Misc,Past diagnostics,,,,"Coronary Heart Disease, Intake, Lipid panel","Coronary Heart Disease, Intake, A1C","Coronary Heart Disease, Intake, EKG","Coronary Heart Disease, Intake, Stress test / cath","Coronary Heart Disease, Intake, Angiography",,,,,
,"Coronary Heart Disease, Intake, Exposures",,Misc,Exposures,,,,"Coronary Heart Disease, Intake, Smoking history","Coronary Heart Disease, Intake, Packs per Day","Coronary Heart Disease, Intake, Numbers of years","Coronary Heart Disease, Intake, Current Smoker","Coronary Heart Disease, Intake, Quit smoking since","Coronary Heart Disease, Intake, Alcohol abuse","Coronary Heart Disease, Intake, Currently exposed to Alcohol","Coronary Heart Disease, Intake, Alcohol abuse Details",,
,"Coronary Heart Disease, Intake, Current Home Medication",,Misc,Current Home Medications - Cardiac,,,,"Coronary Heart Disease, Intake, On Statin","Coronary Heart Disease, Intake, On Beta blocker","Coronary Heart Disease, Intake, On ACEi","Coronary Heart Disease, Intake, On Calcium ch blocker","Coronary Heart Disease, Intake, On Nitroglycerin","Coronary Heart Disease, Intake, On Aspirin","Coronary Heart Disease, Intake,  All Other",,,
,Coronary heart disease - Intake,,Misc,Coronary heart disease - Intake,,,,"Coronary Heart Disease, Intake, Diagnosis details","Coronary Heart Disease, Intake, Past diagnostics","Coronary Heart Disease, Intake, Exercise","Coronary Heart Disease, Intake, Exposures","Coronary Heart Disease, Intake, Current Home Medication",,,,,
