uuid,name,description,class,datatype,shortname,reference-term-source,reference-term-code,reference-term-relationship,answer.1,answer.2,answer.3,answer.4,answer.5,answer.6,answer.7,answer.8,answer.9,answer.10,answer.11,answer.12,answer.13,answer.14,answer.15,answer.16
,"Diabetes, Diagnosed Date",,Misc,Date,Diagnosed Date,,,,,,,,,,,,,,,,,,,
,"Diabetes, Treatment at the time of Diagnosis",,Misc,Text,Treatment at the time of Diagnosis,,,,,,,,,,,,,,,,,,,
,"Diabetes, Last Visit Date",,Misc,Date,Last Visit Date,,,,,,,,,,,,,,,,,,,
,"Diabetes, On Treatment",,Misc,Boolean,On Treatment,,,,,,,,,,,,,,,,,,,
,"Diabetes, Treatment Details",,Misc,Text,Treatment Details,,,,,,,,,,,,,,,,,,,
,"Diabetes, Treatment Outcome",,Misc,Text,Treatment Outcome,,,,,,,,,,,,,,,,,,,
,"Diabetes, Complication",,Misc,Text,Complication,,,,,,,,,,,,,,,,,,,
,"Diabetes, Current Status",,Misc,Text,Current Status,,,,,,,,,,,,,,,,,,,
